<?xml version='1.0' encoding='UTF-8' standalone='yes'?><report reportName='Hesap performansı raporu' reportType='Hesap' frequency='Bir kerelik' dateRangeType='Dün' dateRange='31 May 2013'><table><columns><column name='account' display='Hesap'/><column name='customerID' display='Müşteri Kimliği'/><column name='clicks' display='Tıklama Sayısı'/><column name='impressions' display='Gösterimler'/><column name='ctr' display='TO'/><column name='avgCPC' display='Ort. TBM'/><column name='avgCPM' display='Ort. BGBM'/><column name='cost' display='Maliyet'/><column name='avgPosition' display='Ort. konum'/></columns><row account='marc@nanointeractive.com' customerID='454-793-9874' clicks='1542' impressions='4271' ctr='%36,10' avgCPC='0,02' avgCPM='6,19' cost='26,45' avgPosition='1,0'/><row account='www.tel-bant.com' customerID='109-448-1138' clicks='4' impressions='159' ctr='%2,52' avgCPC='0,74' avgCPM='18,49' cost='2,94' avgPosition='2,26'/><row account='www.turkbarter.com.tr' customerID='993-122-9528' clicks='49' impressions='499' ctr='%9,82' avgCPC='1,93' avgCPM='189,68' cost='94,65' avgPosition='1,25'/><row account='www.goztepenakliyat.com.tr' customerID='751-606-4657' clicks='21' impressions='1754' ctr='%1,20' avgCPC='3,52' avgCPM='42,09' cost='73,82' avgPosition='5,76'/><row account='www.nanointeractive.com' customerID='589-019-7357' clicks='249' impressions='40123' ctr='%0,62' avgCPC='0,20' avgCPM='1,25' cost='50,25' avgPosition='2,19'/><row account='www.bellekpromosyon.com' customerID='468-608-9940' clicks='7' impressions='205' ctr='%3,41' avgCPC='0,84' avgCPM='28,83' cost='5,91' avgPosition='5,03'/><row account='www.37numara.com' customerID='530-907-4875' clicks='914' impressions='53730' ctr='%1,70' avgCPC='0,06' avgCPM='0,99' cost='53,17' avgPosition='5,29'/><row account='www.mustafaeraslan.biz.tr' customerID='573-163-4606' clicks='1048' impressions='1144318' ctr='%0,09' avgCPC='0,61' avgCPM='0,56' cost='640,22' avgPosition='1,42'/><row account='www.temiselbiseleri.com' customerID='704-816-8924' clicks='47' impressions='1706' ctr='%2,75' avgCPC='0,45' avgCPM='12,34' cost='21,06' avgPosition='4,37'/><row account='www.guvennakliyat.org' customerID='101-825-4804' clicks='111' impressions='5943' ctr='%1,87' avgCPC='2,39' avgCPM='44,59' cost='264,97' avgPosition='1,44'/><row account='www.crspower.com.tr' customerID='204-043-1255' clicks='31' impressions='1299' ctr='%2,39' avgCPC='2,73' avgCPM='65,15' cost='84,63' avgPosition='3,3'/><row account='www.globalbarter.com.tr' customerID='347-923-6071' clicks='25' impressions='437' ctr='%5,72' avgCPC='1,48' avgCPM='84,83' cost='37,07' avgPosition='2,02'/><row account='www.mrs.com.tr' customerID='179-062-7304' clicks='59' impressions='2188' ctr='%2,70' avgCPC='2,83' avgCPM='76,31' cost='166,96' avgPosition='2,49'/><row account='www.biletgezgini.com' customerID='578-076-8461' clicks='178' impressions='11127' ctr='%1,60' avgCPC='0,03' avgCPM='0,54' cost='5,98' avgPosition='5,41'/><row account='www.toptanmoda.com' customerID='220-159-0904' clicks='192' impressions='3153' ctr='%6,09' avgCPC='0,31' avgCPM='18,81' cost='59,30' avgPosition='4,07'/><row account='www.aydas.com.tr' customerID='391-160-1814' clicks='37' impressions='3319' ctr='%1,11' avgCPC='1,14' avgCPM='12,74' cost='42,28' avgPosition='4,76'/></table></report>